S.No,Description,Type,Amount,Food,Fun,Office,Investment,,
1,Tea,food,15,15,1500,0,0,,300
2,Snacks,food,8,8,0,0,0,,
3,Gulab Jamun,food,20,20,0,0,0,,
4,Lunch,food,80,80,0,0,0,,
5,Tea,food,10,10,0,0,0,,
6,Stationary,office,40,0,0,40,0,,
7,Zerodha,investment,1000,0,0,0,1000,,
8,Icici,investment,2000,0,0,0,2000,,
9,Dinner,food,90,90,0,0,0,,
10,Birthday of a friend,fun,300,0,300,0,0,,
,,,,,,,,,
,,,,,,,,,
,,,,,,,,,
,,,,,,,,,
,,,,,,,,,
,,,,,,,Amount,Percentage,
,,,,,,Total of the day,3563,-,
,,,,,,AVG transaction ,356.3,-,
,,,,,,Food expense,223,0.06258770699,
,,,,,,Fun expense,300,0.08982035928,
,,,,,,Office expense,40,0.01315789474,
,,,,,,Investment Exp,3000,1,